Tissue,Replicate,Peaks,Coverage,FRiP
Liver,A,35089,0.0123397423663208,0.7118000000000001
Liver,B,35129,0.012495052676382528,0.7522
