Tissue,Replicate,Peaks,Coverage,FRiP
Liver,A,104888,0.026093181009323004,0.384
Liver,B,86727,0.021053206655504537,0.3086
