Tissue,Replicate,Peaks,Coverage,FRiP
Liver,A,35018,0.010768329245955575,0.0525
Liver,B,107251,0.0457571147144257,0.17859999999999998
