Tissue,Replicate,Peaks,Coverage,FRiP
Liver,A,106638,0.024185190161220064,0.2216
Liver,B,64528,0.01311362192085326,0.1934
